{
  "qbo_actuals": {
    "pl_data": {
      "DTC Revenue": {
        "2025_1": 4269.9,
        "2025_2": 2997.05,
        "2025_3": 1406.0,
        "2025_4": 4908.21,
        "2025_5": 4348.01,
        "2025_6": 5232.04,
        "2025_7": 8912.02,
        "2025_8": 5228.85,
        "2025_9": 5504.82,
        "2025_10": 6270.06,
        "2025_11": 6044.05,
        "2025_12": 19407.51,
        "2026_1": 7043.77,
        "2026_2": 14633.8
      },
      "Wholesale Revenue": {
        "2025_1": 2433.0,
        "2025_2": 0.0,
        "2025_3": 0.0,
        "2025_4": 0.0,
        "2025_5": 1612.86,
        "2025_6": 0.0,
        "2025_7": 0.0,
        "2025_8": 0.0,
        "2025_9": 14688.31,
        "2025_10": 0.0,
        "2025_11": 6285.12,
        "2025_12": 1292.0,
        "2026_1": 5341.0,
        "2026_2": 15111.5
      },
      "Total Revenue": {
        "2025_1": 6702.9,
        "2025_2": 2997.05,
        "2025_3": 1406.0,
        "2025_4": 4908.21,
        "2025_5": 5960.87,
        "2025_6": 5232.04,
        "2025_7": 8912.02,
        "2025_8": 5228.85,
        "2025_9": 20193.129999999997,
        "2025_10": 6270.06,
        "2025_11": 12329.17,
        "2025_12": 20699.51,
        "2026_1": 12384.77,
        "2026_2": 29745.3
      },
      "Total COGS": {
        "2025_1": 1494.6499999999999,
        "2025_2": 18212.83,
        "2025_3": 5012.17,
        "2025_4": 9558.23,
        "2025_5": 1582.81,
        "2025_6": 3235.61,
        "2025_7": 5828.99,
        "2025_8": 3905.49,
        "2025_9": 979.12,
        "2025_10": 1383.98,
        "2025_11": 21838.11,
        "2025_12": 21752.95,
        "2026_1": 2667.61,
        "2026_2": 18119.370000000003
      },
      "Gross Profit": {
        "2025_1": 5208.25,
        "2025_2": -15215.780000000002,
        "2025_3": -3606.17,
        "2025_4": -4650.0199999999995,
        "2025_5": 4378.0599999999995,
        "2025_6": 1996.4299999999998,
        "2025_7": 3083.0300000000007,
        "2025_8": 1323.3600000000006,
        "2025_9": 19214.01,
        "2025_10": 4886.08,
        "2025_11": -9508.94,
        "2025_12": -1053.4400000000023,
        "2026_1": 9717.16,
        "2026_2": 11625.929999999997
      },
      "Sales & Marketing": {
        "2025_1": 1200.0,
        "2025_2": 1200.0,
        "2025_3": 11319.01,
        "2025_4": 27200.0,
        "2025_5": 8741.0,
        "2025_6": 1200.0,
        "2025_7": 7077.13,
        "2025_8": 7544.26,
        "2025_9": 15700.0,
        "2025_10": 15900.0,
        "2025_11": 8396.8,
        "2025_12": 27717.73,
        "2026_1": 48222.229999999996,
        "2026_2": 57682.82
      },
      "Payroll": {
        "2025_1": 0.0,
        "2025_2": 0.0,
        "2025_3": 0.0,
        "2025_4": 0.0,
        "2025_5": 0.0,
        "2025_6": 0.0,
        "2025_7": 0.0,
        "2025_8": 0.0,
        "2025_9": 0.0,
        "2025_10": 0.0,
        "2025_11": 0.0,
        "2025_12": 0.0,
        "2026_1": 0.0,
        "2026_2": 0.0
      },
      "Software": {
        "2025_1": 75.92,
        "2025_2": 45.97,
        "2025_3": 22.98,
        "2025_4": 22.98,
        "2025_5": 22.98,
        "2025_6": 22.98,
        "2025_7": 22.98,
        "2025_8": 22.98,
        "2025_9": 22.98,
        "2025_10": 22.98,
        "2025_11": 24.98,
        "2025_12": 111.99,
        "2026_1": 2306.8,
        "2026_2": 1857.62
      },
      "Professional Fees": {
        "2025_1": 0.0,
        "2025_2": 1225.0,
        "2025_3": 0.0,
        "2025_4": 0.0,
        "2025_5": 0.0,
        "2025_6": 0.0,
        "2025_7": 0.0,
        "2025_8": 0.0,
        "2025_9": 2437.0,
        "2025_10": 0.0,
        "2025_11": 0.0,
        "2025_12": 562.5,
        "2026_1": 2715.0,
        "2026_2": 2918.75
      },
      "Travel": {
        "2025_1": 0.0,
        "2025_2": 700.0,
        "2025_3": 318.85,
        "2025_4": 904.04,
        "2025_5": 561.99,
        "2025_6": 446.49,
        "2025_7": 0.0,
        "2025_8": 692.92,
        "2025_9": 541.22,
        "2025_10": 800.17,
        "2025_11": 1056.0,
        "2025_12": 678.93,
        "2026_1": 1272.09,
        "2026_2": 423.42
      },
      "Meals": {
        "2025_1": 0.0,
        "2025_2": 49.59,
        "2025_3": 57.39,
        "2025_4": 669.64,
        "2025_5": 207.78,
        "2025_6": 654.1,
        "2025_7": 0.0,
        "2025_8": 348.08,
        "2025_9": 1327.57,
        "2025_10": 781.7,
        "2025_11": 719.39,
        "2025_12": 850.8,
        "2026_1": 733.24,
        "2026_2": 0.0
      },
      "Entertainment": {
        "2025_1": 0.0,
        "2025_2": 0.0,
        "2025_3": 0.0,
        "2025_4": 315.4,
        "2025_5": 0.0,
        "2025_6": 117.9,
        "2025_7": 0.0,
        "2025_8": 125.0,
        "2025_9": 58.66,
        "2025_10": 150.0,
        "2025_11": 202.29,
        "2025_12": 389.86,
        "2026_1": 412.65,
        "2026_2": 0.0
      },
      "Insurance": {
        "2025_1": 0.0,
        "2025_2": 0.0,
        "2025_3": 0.0,
        "2025_4": 0.0,
        "2025_5": 815.9,
        "2025_6": 0.0,
        "2025_7": 0.0,
        "2025_8": 0.0,
        "2025_9": 0.0,
        "2025_10": 0.0,
        "2025_11": 0.0,
        "2025_12": 0.0,
        "2026_1": 0.0,
        "2026_2": 96.09
      },
      "Office Furniture & Equipment": {
        "2025_1": 0.0,
        "2025_2": 0.0,
        "2025_3": 0.0,
        "2025_4": 0.0,
        "2025_5": 0.0,
        "2025_6": 0.0,
        "2025_7": 0.0,
        "2025_8": 0.0,
        "2025_9": 0.0,
        "2025_10": 0.0,
        "2025_11": 0.0,
        "2025_12": 267.05,
        "2026_1": 0.0,
        "2026_2": 0.0
      },
      "Office Supplies": {
        "2025_1": 458.37,
        "2025_2": 0.0,
        "2025_3": 162.0,
        "2025_4": 38.96,
        "2025_5": 32.9,
        "2025_6": 93.51,
        "2025_7": 0.0,
        "2025_8": 0.0,
        "2025_9": 278.05,
        "2025_10": 300.0,
        "2025_11": 63.41,
        "2025_12": 3036.43,
        "2026_1": 838.44,
        "2026_2": 2727.92
      },
      "Bank Fees": {
        "2025_1": 45.0,
        "2025_2": 15.0,
        "2025_3": 0.0,
        "2025_4": 46.0,
        "2025_5": 2.0,
        "2025_6": 1.0,
        "2025_7": 46.0,
        "2025_8": 46.0,
        "2025_9": 1.0,
        "2025_10": 46.0,
        "2025_11": 47.0,
        "2025_12": 46.0,
        "2026_1": 93.0,
        "2026_2": 2.0
      },
      "Rent & Lease": {
        "2025_1": 0.0,
        "2025_2": 0.0,
        "2025_3": 0.0,
        "2025_4": 0.0,
        "2025_5": 0.0,
        "2025_6": 6500.0,
        "2025_7": 0.0,
        "2025_8": 6500.0,
        "2025_9": 6500.0,
        "2025_10": 6500.0,
        "2025_11": 6500.0,
        "2025_12": 0.0,
        "2026_1": 0.0,
        "2026_2": 1114.0
      },
      "Utilities": {
        "2025_1": 111.24,
        "2025_2": 111.24,
        "2025_3": 111.25,
        "2025_4": 111.25,
        "2025_5": 111.25,
        "2025_6": 111.25,
        "2025_7": 111.25,
        "2025_8": 0.0,
        "2025_9": 0.0,
        "2025_10": 0.0,
        "2025_11": 0.0,
        "2025_12": 0.0,
        "2026_1": 0.0,
        "2026_2": 0.0
      },
      "Repairs & Maintenance": {
        "2025_1": 0.0,
        "2025_2": 0.0,
        "2025_3": 0.0,
        "2025_4": 0.0,
        "2025_5": 0.0,
        "2025_6": 0.0,
        "2025_7": 0.0,
        "2025_8": 0.0,
        "2025_9": 0.0,
        "2025_10": 0.0,
        "2025_11": 0.0,
        "2025_12": 300.0,
        "2026_1": 0.0,
        "2026_2": 0.0
      },
      "PayPal Fees / Other": {
        "2025_1": 10.54,
        "2025_2": 0.0,
        "2025_3": 0.0,
        "2025_4": 0.0,
        "2025_5": 0.0,
        "2025_6": 0.0,
        "2025_7": 0.0,
        "2025_8": 0.0,
        "2025_9": 0.0,
        "2025_10": 0.0,
        "2025_11": 0.0,
        "2025_12": 0.0,
        "2026_1": 0.0,
        "2026_2": 0.0
      },
      "Total Expenses": {
        "2025_1": 1901.07,
        "2025_2": 4830.549999999999,
        "2025_3": 16464.5,